CRS_DEP_TIME,CRS_ARR_TIME,DISTANCE,DAY_OF_WEEK,origin_lat,origin_lng,dest_lat,dest_lng,arrivedLate
830,1151,1127,3,42.2125,83.3533,26.0726,80.1528,1
2136,500,2486,6,20.8986,156.4306,33.9425,118.4072,0
1440,1545,641,7,32.8969,97.0381,39.8617,104.6731,0
1300,1536,1773,7,35.2139,80.9431,33.4342,112.0117,0
700,826,366,1,29.18,81.0581,33.6367,84.4281,0
1026,1134,208,7,33.6367,84.4281,30.7814,83.2761,0
647,800,622,6,39.1753,76.6683,41.9808,87.9067,0
1205,1330,846,5,39.8617,104.6731,33.6756,117.8683,0
1324,1638,867,5,41.9808,87.9067,42.3631,71.0064,1
35,610,1514,5,36.08,115.1522,41.9808,87.9067,0
1550,1710,326,6,37.6189,122.375,34.2006,118.3586,0
2055,2311,748,4,33.9425,118.4072,44.1244,123.2119,NA
620,939,1372,5,40.6925,74.1686,32.8969,97.0381,0
805,1043,1182,4,40.6397,73.7789,29.9933,90.2581,0
1005,1327,862,5,39.8617,104.6731,29.9844,95.3414,0
1935,2145,787,1,28.4294,81.3089,39.1753,76.6683,0
1720,1958,1744,6,41.9808,87.9067,33.9425,118.4072,0
1625,1919,1069,2,26.0726,80.1528,40.6397,73.7789,0
1335,1540,1946,7,33.6367,84.4281,33.9425,118.4072,0
1340,1450,1164,3,30.1944,97.67,32.7336,117.1897,0
900,1023,200,2,42.3631,71.0064,40.6925,74.1686,0
1230,1305,102,6,21.976,159.3389,21.3187,157.9225,1
1355,1920,1587,6,33.4342,112.0117,33.6367,84.4281,0
1630,1828,600,3,35.2139,80.9431,26.5362,81.7553,0
2210,2325,342,5,38.7486,90.37,41.3031,95.8942,1
605,851,598,6,36.5869,121.8431,33.4342,112.0117,0
2235,616,2125,7,33.9425,118.4072,35.2139,80.9431,0
1205,1305,197,6,27.9756,82.5333,26.0726,80.1528,0
1825,2027,1514,6,41.9808,87.9067,36.08,115.1522,0
849,1130,528,5,44.8819,93.2217,42.2125,83.3533,0
1055,1312,316,1,41.9808,87.9067,41.4094,81.855,0
1132,1825,1747,5,36.08,115.1522,33.6367,84.4281,0
1030,1144,270,7,30.4942,81.6878,33.6367,84.4281,0
1410,1627,264,2,41.9808,87.9067,39.0489,84.6678,0
2050,120,1090,5,36.08,115.1522,30.1944,97.67,1
1705,2036,2602,4,42.3631,71.0064,33.8178,118.1517,1
2353,700,2405,5,61.1744,149.9964,39.8617,104.6731,1
1130,1622,1598,5,40.6397,73.7789,18.4394,66.0019,0
1330,1500,882,6,28.4294,81.3089,38.7486,90.37,0
645,1207,1399,6,47.45,122.3117,44.8819,93.2217,1
1700,1755,175,7,40.7883,111.9778,42.4817,114.4878,0
1455,1601,214,4,33.6367,84.4281,32.1275,81.2022,0
2029,2154,236,6,36.08,115.1522,33.9425,118.4072,1
615,818,912,7,35.2139,80.9431,29.9844,95.3414,NA
1925,2025,236,5,33.9425,118.4072,36.08,115.1522,0
1820,1945,372,2,33.6756,117.8683,37.6189,122.375,0
1730,1821,98,3,43.5328,84.0797,42.2125,83.3533,1
1355,1502,188,2,40.7883,111.9778,43.5136,112.0708,0
745,1007,261,2,33.8297,116.5067,33.4342,112.0117,1
1942,2030,370,3,33.4342,112.0117,33.9425,118.4072,NA
1728,1943,834,3,45.5883,122.5975,33.9425,118.4072,1
2305,706,2419,4,37.6189,122.375,38.9475,77.46,0
542,727,413,7,42.3631,71.0064,38.9475,77.46,0
1140,1555,2562,5,45.5883,122.5975,20.8986,156.4306,1
1440,1724,1028,5,26.6832,80.0956,40.6397,73.7789,0
2105,2205,272,1,38.7486,90.37,36.1244,86.6783,1
1434,1550,237,2,36.1983,95.8881,32.8969,97.0381,1
2240,14,447,2,37.6189,122.375,32.7336,117.1897,0
1125,1140,304,2,33.4342,112.0117,32.7336,117.1897,0
2015,2242,1703,5,26.0726,80.1528,39.8617,104.6731,1
1128,1433,987,1,33.8297,116.5067,47.45,122.3117,0
1341,1337,170,7,33.6367,84.4281,31.3214,85.4497,0
805,1048,861,5,39.8722,75.2408,28.4294,81.3089,0
1900,2043,547,5,33.6367,84.4281,38.8522,77.0378,0
1920,2202,950,1,28.4294,81.3089,40.7772,73.8725,1
1754,2004,1532,2,44.8819,93.2217,32.7336,117.1897,0
2050,2335,677,1,33.9425,118.4072,35.0403,106.6092,1
730,900,391,1,39.4992,119.7681,33.9425,118.4072,1
1520,1620,248,3,29.5336,98.4697,32.8472,96.8517,1
715,836,200,1,42.3631,71.0064,40.6925,74.1686,1
1448,1653,1008,4,40.6925,74.1686,44.8819,93.2217,0
1200,1445,628,2,36.08,115.1522,39.8617,104.6731,1
950,1125,462,6,38.7486,90.37,35.3931,97.6008,1
820,1006,507,3,27.9756,82.5333,35.2139,80.9431,1
1145,1401,866,1,27.9756,82.5333,40.2747,79.4067,0
1600,1805,134,4,33.5639,86.7522,33.6367,84.4281,0
1440,1750,2439,5,39.1753,76.6683,37.3628,121.9292,1
1645,1859,228,2,41.7861,87.7525,42.2125,83.3533,0
1020,1317,1249,7,26.5362,81.7553,42.3631,71.0064,1
750,907,266,5,40.6925,74.1686,44.4719,73.1533,0
753,955,550,1,38.7486,90.37,32.8969,97.0381,1
1755,2006,1517,5,44.8819,93.2217,38.6956,121.5908,1
2001,2355,1124,6,44.8819,93.2217,42.3631,71.0064,0
2240,2352,262,2,37.6189,122.375,34.4261,119.8414,1
840,1022,404,6,41.4094,81.855,40.6925,74.1686,NA
1719,1836,226,5,33.6367,84.4281,35.2139,80.9431,0
1354,1645,588,5,33.6756,117.8683,40.7883,111.9778,1
750,1030,992,6,26.0726,80.1528,39.8722,75.2408,1
1959,2205,813,4,35.2139,80.9431,43.6461,70.3092,0
745,1504,1946,7,33.9425,118.4072,33.6367,84.4281,0
1025,1119,113,3,33.9889,98.4919,32.8969,97.0381,1
930,1745,2584,6,37.6189,122.375,26.0726,80.1528,0
2005,2306,787,5,29.9844,95.3414,27.9756,82.5333,0
2105,2351,588,3,41.9808,87.9067,38.9475,77.46,0
1345,1451,606,4,33.6367,84.4281,41.9808,87.9067,0
1641,1925,456,4,36.1244,86.6783,42.2125,83.3533,1
900,1209,1598,4,18.4394,66.0019,40.6397,73.7789,0
1859,2115,1546,1,28.4294,81.3089,39.8617,104.6731,0
1450,1610,337,1,33.9425,118.4072,37.7214,122.2208,1
1959,133,1670,2,33.4342,112.0117,39.9981,82.8919,NA
600,800,508,6,37.1319,76.4931,33.6367,84.4281,0
1435,1705,533,3,39.8617,104.6731,39.2975,94.7139,1
1750,1816,296,1,39.9981,82.8919,41.9808,87.9067,0
1430,1927,1171,3,32.7336,117.1897,32.8969,97.0381,1
1115,1218,651,7,35.2139,80.9431,29.9933,90.2581,1
1749,1925,862,2,29.9844,95.3414,39.8617,104.6731,1
955,1330,2338,6,37.6189,122.375,20.8986,156.4306,1
850,940,216,2,19.7202,155.0483,21.3187,157.9225,1
1105,1255,990,3,28.4294,81.3089,41.7861,87.7525,0
700,1238,1514,3,36.08,115.1522,41.9808,87.9067,0
1740,2330,1750,3,33.9425,118.4072,41.7861,87.7525,0
840,1110,1751,6,41.7861,87.7525,45.5883,122.5975,1
1857,2038,845,7,39.8617,104.6731,35.4339,119.0578,1
1530,1635,611,3,39.1753,76.6683,41.7861,87.7525,1
925,1015,451,7,32.1161,110.9411,33.9425,118.4072,0
600,738,578,5,40.9783,85.1953,40.6925,74.1686,0
1120,1250,448,5,44.8819,93.2217,38.7486,90.37,0
1305,1540,1750,6,41.7861,87.7525,33.9425,118.4072,1
2157,149,1179,2,28.4294,81.3089,18.0083,66.5631,1
1750,1958,134,5,33.5639,86.7522,33.6367,84.4281,0
715,915,507,1,40.7883,111.9778,33.4342,112.0117,0
1840,2045,1037,5,41.3031,95.8942,33.4342,112.0117,0
945,1338,1086,7,40.7883,111.9778,30.1944,97.67,1
1100,1606,4502,5,33.6367,84.4281,21.3187,157.9225,1
1315,1542,352,1,30.4072,89.07,33.6367,84.4281,1
1015,1336,2496,3,42.3631,71.0064,47.45,122.3117,0
2026,2052,346,7,42.2125,83.3533,40.6642,89.6933,1
545,909,862,4,33.9425,118.4072,39.8617,104.6731,1
620,740,283,5,39.1753,76.6683,41.9389,72.6833,0
735,1455,2130,5,37.7214,122.2208,33.6367,84.4281,0
1325,1651,850,6,34.2006,118.3586,39.8617,104.6731,1
2028,2219,1254,4,44.8819,93.2217,46.2647,119.1189,1
1216,1259,440,4,42.2125,83.3533,38.7486,90.37,0
1050,1233,526,4,33.6367,84.4281,40.4914,80.2328,0
2025,2125,181,2,32.8969,97.0381,33.4536,93.9911,1
1500,1835,990,4,41.7861,87.7525,28.4294,81.3089,0
800,931,328,6,37.65,97.4331,32.8969,97.0381,0
1510,1845,1012,4,41.9808,87.9067,27.9756,82.5333,0
1230,1520,692,6,39.2975,94.7139,33.6367,84.4281,0
1048,1825,2139,3,37.6189,122.375,33.6367,84.4281,0
750,1031,1021,2,28.4294,81.3089,43.1072,78.9461,1
645,1019,2527,5,41.9389,72.6833,33.9425,118.4072,0
1934,2120,431,5,35.0425,89.9767,32.8969,97.0381,0
2245,2356,266,1,40.6397,73.7789,44.4719,73.1533,1
1700,1818,306,5,33.6367,84.4281,36.0978,79.9372,1
905,1044,550,6,32.8969,97.0381,38.7486,90.37,0
2143,2349,594,2,25.7932,80.2906,33.6367,84.4281,1
1755,2035,1025,2,26.5362,81.7553,41.4094,81.855,1
1150,1250,255,2,35.8778,78.7875,39.1753,76.6683,0
2329,739,2496,6,47.45,122.3117,42.3631,71.0064,0
1752,1941,1379,4,29.9844,95.3414,33.9425,118.4072,0
1010,1110,277,5,26.2285,97.6544,29.6456,95.2789,0
2300,640,2227,4,36.08,115.1522,40.6925,74.1686,0
700,937,857,7,38.8522,77.0378,26.6832,80.0956,0
1735,2016,551,6,32.4467,93.8256,33.6367,84.4281,0
1130,1344,605,2,40.6925,74.1686,42.8808,85.5228,0
1700,2020,1428,2,40.7772,73.8725,29.6456,95.2789,0
725,835,308,1,33.9425,118.4072,37.3628,121.9292,0
1006,1145,349,5,44.8819,93.2217,41.7861,87.7525,1
1515,1949,1599,2,33.6367,84.4281,18.3373,64.9733,1
1445,2304,2586,4,37.6189,122.375,40.6397,73.7789,1
2310,511,1781,7,38.6956,121.5908,41.9808,87.9067,0
1350,1529,406,6,27.9756,82.5333,33.6367,84.4281,0
755,923,297,3,42.9472,87.8967,44.8819,93.2217,1
1630,1759,406,5,33.6367,84.4281,27.9756,82.5333,0
1600,1920,2565,2,40.6925,74.1686,37.6189,122.375,1
1650,1910,370,5,33.9425,118.4072,33.4342,112.0117,1
1620,1954,980,1,44.8819,93.2217,39.8722,75.2408,0
1615,1743,678,7,39.8722,75.2408,41.9808,87.9067,1
1035,1240,214,6,36.1244,86.6783,33.6367,84.4281,0
939,1237,1085,5,25.7932,80.2906,40.6925,74.1686,1
1158,1439,1005,6,27.9756,82.5333,40.6397,73.7789,0
1755,2118,853,5,32.7336,117.1897,39.8617,104.6731,0
1815,1945,282,4,42.9406,78.7322,40.6925,74.1686,1
1340,1519,406,4,27.9756,82.5333,33.6367,84.4281,0
1110,1353,511,7,35.0425,89.9767,35.2139,80.9431,0
1220,1502,500,6,31.3275,92.5486,33.6367,84.4281,0
1016,1325,821,5,41.3031,95.8942,33.6367,84.4281,0
950,1100,358,2,38.6956,121.5908,34.2006,118.3586,0
1050,1233,526,2,33.6367,84.4281,40.4914,80.2328,0
830,930,226,7,36.08,115.1522,33.6756,117.8683,1
1820,2054,802,5,41.9808,87.9067,32.8969,97.0381,0
655,750,533,6,39.2975,94.7139,39.8617,104.6731,0
1707,1940,1250,5,41.9808,87.9067,40.7883,111.9778,1
806,1119,773,3,41.9808,87.9067,32.1275,81.2022,1
945,1110,289,2,42.7492,73.8019,39.1753,76.6683,0
1600,1850,646,2,37.7214,122.2208,33.4342,112.0117,1
1500,1606,606,1,33.6367,84.4281,41.9808,87.9067,1
1255,1335,89,3,32.8969,97.0381,31.6114,97.2306,0
1715,1815,616,4,28.4294,81.3089,36.1244,86.6783,1
925,1238,1576,6,18.4394,66.0019,39.8722,75.2408,0
1900,2125,787,7,39.1753,76.6683,28.4294,81.3089,1
930,1316,1182,7,29.9933,90.2581,40.6397,73.7789,0
1630,1805,432,6,39.7172,86.2947,33.6367,84.4281,0
1535,1700,332,5,42.16,76.8917,42.2125,83.3533,0
1140,1255,323,1,38.8522,77.0378,39.9981,82.8919,1
1215,1528,918,6,32.8969,97.0381,30.4942,81.6878,0
1500,1705,787,2,28.4294,81.3089,39.1753,76.6683,1
1115,1242,836,2,39.8617,104.6731,47.62,117.5339,0
810,1007,1384,4,35.3931,97.6008,37.6189,122.375,1
1440,1724,1028,6,26.6832,80.0956,40.6397,73.7789,1
1815,2028,679,1,46.9164,114.0906,39.8617,104.6731,0
1225,1500,978,6,47.45,122.3117,33.6756,117.8683,0
755,1048,951,1,39.8722,75.2408,26.6832,80.0956,1
1900,2202,1065,6,40.6925,74.1686,26.0726,80.1528,1
1855,2145,2342,2,26.0726,80.1528,33.9425,118.4072,1
2210,30,763,7,36.08,115.1522,45.5883,122.5975,0
1855,2220,957,7,37.7214,122.2208,39.8617,104.6731,1
1450,1636,783,5,41.9389,72.6833,41.9808,87.9067,0
2150,2320,480,1,32.7336,117.1897,38.6956,121.5908,1
1735,1907,363,4,34.0561,117.6011,37.6189,122.375,0
1525,1641,253,3,30.5328,91.15,29.9844,95.3414,0
925,1308,1182,6,29.9933,90.2581,40.6397,73.7789,0
2005,2125,337,7,33.9425,118.4072,37.6189,122.375,1
1245,1552,1237,3,26.0726,80.1528,42.3631,71.0064,0
1240,1515,1190,1,38.9475,77.46,29.9844,95.3414,1
1620,1725,236,3,33.9425,118.4072,36.08,115.1522,0
1245,1455,696,2,37.3628,121.9292,47.45,122.3117,1
514,551,102,6,21.3187,157.9225,21.976,159.3389,0
706,810,181,1,33.4536,93.9911,32.8969,97.0381,1
1920,2307,1107,4,47.45,122.3117,33.4342,112.0117,1
1705,2014,1999,5,39.1753,76.6683,33.4342,112.0117,1
930,1215,925,3,39.1753,76.6683,26.0726,80.1528,0
705,842,335,5,40.7772,73.8725,40.4914,80.2328,0
2200,2255,113,7,39.8617,104.6731,41.3119,105.675,0
2100,509,2475,7,33.9425,118.4072,40.6397,73.7789,0
1243,1345,187,5,40.6397,73.7789,42.3631,71.0064,1
535,925,1107,6,47.45,122.3117,33.4342,112.0117,0
1850,2022,819,4,39.8617,104.6731,34.0561,117.6011,0
2330,710,2182,6,47.45,122.3117,33.6367,84.4281,0
1620,653,4962,2,21.3187,157.9225,40.6925,74.1686,0
900,1034,337,1,33.9425,118.4072,37.6189,122.375,1
730,854,184,4,42.3631,71.0064,40.7772,73.8725,0
1815,2010,867,2,42.3631,71.0064,41.9808,87.9067,1
1950,2143,666,4,33.6367,84.4281,39.8722,75.2408,1
1632,1719,163,3,21.3187,157.9225,19.7388,156.0456,1
2232,557,2052,2,33.9425,118.4072,41.4094,81.855,0
810,950,491,4,36.1244,86.6783,39.2975,94.7139,1
1205,1305,554,4,40.4914,80.2328,38.7486,90.37,1
2115,2330,829,5,39.7172,86.2947,28.4294,81.3089,1
700,820,342,3,37.3628,121.9292,33.6756,117.8683,0
934,1245,867,7,41.9808,87.9067,42.3631,71.0064,NA
1015,1331,2496,3,42.3631,71.0064,47.45,122.3117,0
1025,1428,1303,7,32.8969,97.0381,39.8722,75.2408,1
1530,1632,204,4,25.7932,80.2906,27.9756,82.5333,1
2159,2341,549,2,42.2125,83.3533,41.9389,72.6833,0
840,948,651,6,33.4342,112.0117,37.6189,122.375,0
1748,2046,1127,1,26.0726,80.1528,42.2125,83.3533,1
1025,1408,1121,6,32.8969,97.0381,25.7932,80.2906,0
1815,2125,879,1,33.4342,112.0117,32.8472,96.8517,1
1904,2054,646,7,33.6367,84.4281,24.5561,81.7594,0
705,915,1105,2,26.0726,80.1528,30.1944,97.67,0
1315,1436,187,5,42.3631,71.0064,40.6397,73.7789,0
1704,1752,495,4,35.3931,97.6008,39.8617,104.6731,0
1550,1851,761,6,35.3931,97.6008,33.6367,84.4281,0
1900,2005,239,5,32.8472,96.8517,29.6456,95.2789,1
630,900,834,4,33.9425,118.4072,45.5883,122.5975,0
620,744,353,3,37.7214,122.2208,33.8178,118.1517,0
923,1155,448,3,30.5328,91.15,33.6367,84.4281,0
1035,1500,1562,5,32.8969,97.0381,42.3631,71.0064,0
955,1300,726,4,44.8819,93.2217,40.4914,80.2328,0
615,852,746,2,40.6925,74.1686,33.6367,84.4281,0
1235,1526,944,7,40.6397,73.7789,28.4294,81.3089,0
1703,1755,532,4,40.7883,111.9778,38.6956,121.5908,0
1050,1340,589,2,36.2819,94.3069,33.6367,84.4281,0
1719,1915,964,1,25.7932,80.2906,29.9844,95.3414,0
700,812,184,2,40.7772,73.8725,42.3631,71.0064,0
845,945,98,3,42.2125,83.3533,43.5328,84.0797,1
945,1251,1065,4,40.6925,74.1686,26.0726,80.1528,0
705,1000,641,6,42.9472,87.8967,39.1753,76.6683,0
525,700,224,6,47.62,117.5339,47.45,122.3117,0
820,1115,2295,2,39.1753,76.6683,32.7336,117.1897,0
1525,1821,1448,5,47.45,122.3117,61.1744,149.9964,1
2215,2357,1337,5,35.2139,80.9431,39.8617,104.6731,0
1740,1850,342,2,41.3031,95.8942,38.7486,90.37,0
1330,1630,680,6,39.8617,104.6731,44.8819,93.2217,1
1140,1905,2106,4,36.08,115.1522,39.1753,76.6683,1
1130,1350,1020,5,40.7772,73.8725,44.8819,93.2217,0
540,905,998,7,29.9933,90.2581,39.1753,76.6683,0
1940,2045,236,5,36.08,115.1522,33.9425,118.4072,1
1450,1755,872,4,33.4342,112.0117,30.1944,97.67,0
1500,1812,2454,6,40.6925,74.1686,33.9425,118.4072,0
1400,1545,602,4,33.4342,112.0117,39.8617,104.6731,1
1005,1315,1416,1,40.7772,73.8725,29.9844,95.3414,1
1538,1651,224,3,32.8969,97.0381,29.9844,95.3414,1
2030,2136,588,2,40.7883,111.9778,33.6756,117.8683,0
1957,2140,448,4,38.7486,90.37,44.8819,93.2217,0
1245,1527,503,5,44.8819,93.2217,39.7172,86.2947,1
835,1130,857,5,38.8522,77.0378,26.6832,80.0956,0
1042,1215,331,6,34.9911,78.8803,33.6367,84.4281,0
1710,2100,1182,5,29.9933,90.2581,40.6397,73.7789,1
2020,2326,2248,2,40.6397,73.7789,36.08,115.1522,0
2100,2347,1440,5,41.9808,87.9067,33.4342,112.0117,1
1135,1350,986,2,39.9981,82.8919,29.9844,95.3414,0
815,955,543,1,45.5883,122.5975,37.7214,122.2208,0
2315,50,526,3,33.6367,84.4281,40.4914,80.2328,0
1150,1435,1005,5,27.9756,82.5333,40.6397,73.7789,0
1814,2125,1927,2,39.8722,75.2408,40.7883,111.9778,1
915,1745,2586,3,37.6189,122.375,40.6397,73.7789,0
600,712,977,2,39.7172,86.2947,39.8617,104.6731,0
1230,1340,314,5,41.4094,81.855,39.1753,76.6683,1
1112,1909,2296,1,37.6189,122.375,35.2139,80.9431,0
700,815,319,5,32.8472,96.8517,31.9425,102.2019,0
1128,1319,1045,1,18.4394,66.0019,25.7932,80.2906,1
650,850,822,7,29.5336,98.4697,36.1244,86.6783,0
1600,1850,646,1,37.7214,122.2208,33.4342,112.0117,1
710,1040,991,2,45.5883,122.5975,39.8617,104.6731,0
817,859,484,3,33.6367,84.4281,38.7486,90.37,0
810,1030,2139,6,33.6367,84.4281,37.6189,122.375,0
1400,1525,853,5,39.8617,104.6731,32.7336,117.1897,1
814,931,306,1,33.6367,84.4281,36.0978,79.9372,0
1905,2221,748,1,36.1244,86.6783,40.6925,74.1686,0
1430,1539,270,5,33.6367,84.4281,30.4942,81.6878,0
1255,1455,547,6,38.8522,77.0378,33.6367,84.4281,1
1437,1659,420,4,39.8617,104.6731,37.65,97.4331,0
1030,1222,1007,5,41.9808,87.9067,39.6414,106.9175,0
1845,1935,533,1,39.2975,94.7139,39.8617,104.6731,1
810,1625,2402,3,47.45,122.3117,40.6925,74.1686,0
946,1138,1379,7,29.9844,95.3414,33.9425,118.4072,0
1240,1623,946,5,35.0425,89.9767,40.6925,74.1686,1
1605,1744,1379,6,29.9844,95.3414,33.9425,118.4072,1
1440,1500,370,5,33.4342,112.0117,33.9425,118.4072,1
1825,2118,590,5,33.9425,118.4072,40.7883,111.9778,0
1645,2027,1119,3,32.8969,97.0381,26.0726,80.1528,1
935,1330,775,3,36.08,115.1522,33.6636,101.8228,0
1750,2010,1587,7,33.6367,84.4281,33.4342,112.0117,0
1533,2214,2153,3,33.4342,112.0117,40.6397,73.7789,0
800,1115,2454,5,40.6925,74.1686,33.9425,118.4072,1
625,1120,1246,2,33.9425,118.4072,32.8472,96.8517,0
2025,2150,446,6,37.7214,122.2208,32.7336,117.1897,0
1350,1950,1843,4,45.5883,122.5975,29.6456,95.2789,0
900,1052,545,1,26.6832,80.0956,33.6367,84.4281,0
1540,1646,977,1,39.7172,86.2947,39.8617,104.6731,0
1335,1520,569,5,37.3628,121.9292,45.5883,122.5975,1
1150,1230,484,3,33.6367,84.4281,38.7486,90.37,0
1955,2111,236,2,33.9425,118.4072,36.08,115.1522,0
1420,1735,895,7,39.8617,104.6731,41.7861,87.7525,1
1915,2050,444,6,33.6367,84.4281,27.3954,82.5544,0
1559,1704,227,5,33.6367,84.4281,36.4753,82.4075,0
946,1158,298,6,39.8617,104.6731,38.8422,99.2731,1
1826,2154,2584,5,26.0726,80.1528,37.6189,122.375,1
1355,1500,634,5,38.8522,77.0378,42.9472,87.8967,1
610,917,1062,1,41.4094,81.855,26.0726,80.1528,0
955,1444,1475,1,35.2139,80.9431,18.4394,66.0019,0
1652,1824,304,5,38.0364,84.6058,33.6367,84.4281,1
1525,1828,641,7,39.8617,104.6731,32.8969,97.0381,0
550,830,954,4,47.45,122.3117,33.9425,118.4072,0
1026,1300,972,5,28.4294,81.3089,41.0669,73.7075,1
1945,2119,447,1,37.6189,122.375,32.7336,117.1897,0
1900,2011,247,4,32.8969,97.0381,29.5336,98.4697,1
835,908,368,5,40.7883,111.9778,36.08,115.1522,0
1105,1330,867,1,47.45,122.3117,36.08,115.1522,1
1510,1710,545,5,26.6832,80.0956,33.6367,84.4281,0
600,908,783,1,41.9808,87.9067,41.9389,72.6833,1
635,849,261,7,33.8297,116.5067,33.4342,112.0117,0
1305,1436,306,1,38.1742,85.7364,42.2125,83.3533,0
715,855,436,2,42.9472,87.8967,39.2975,94.7139,1
825,1120,1127,5,26.0726,80.1528,42.2125,83.3533,0
2020,2248,408,2,44.8819,93.2217,42.8808,85.5228,0
1205,1310,647,3,33.4342,112.0117,38.6956,121.5908,0
839,1418,1504,4,37.6189,122.375,30.1944,97.67,1
1910,2048,563,1,41.4094,81.855,42.3631,71.0064,0
1526,1607,102,5,21.3187,157.9225,21.976,159.3389,0
735,914,888,2,41.9808,87.9067,39.8617,104.6731,0
1809,2120,1389,3,40.7772,73.8725,32.8969,97.0381,1
1002,1000,134,4,33.6367,84.4281,33.5639,86.7522,0
839,1124,456,5,36.1244,86.6783,42.2125,83.3533,0
2055,2258,759,7,28.4294,81.3089,38.8522,77.0378,1
1925,2358,1597,3,29.9844,95.3414,42.3631,71.0064,1
1425,1720,950,4,40.7772,73.8725,28.4294,81.3089,0
1120,1255,447,6,32.7336,117.1897,37.6189,122.375,0
1000,1120,351,5,38.7486,90.37,36.1983,95.8881,0
1702,1807,590,4,40.7883,111.9778,33.9425,118.4072,0
815,1300,1571,7,38.9475,77.46,18.4394,66.0019,0
1730,1850,386,7,37.3628,121.9292,36.08,115.1522,0
615,804,489,7,30.4733,87.1867,29.9844,95.3414,0
810,925,682,3,39.1753,76.6683,33.5639,86.7522,0
805,1025,793,2,41.7861,87.7525,32.8472,96.8517,1
600,1016,2300,4,42.3631,71.0064,33.4342,112.0117,0
2145,25,1246,5,39.1753,76.6683,29.6456,95.2789,0
1215,1440,899,5,26.0726,80.1528,38.8522,77.0378,0
1435,1600,846,7,39.8617,104.6731,33.6756,117.8683,0
825,1010,1747,4,33.6367,84.4281,36.08,115.1522,0
745,940,689,6,39.2975,94.7139,29.9933,90.2581,0
1320,1540,468,2,41.7861,87.7525,42.9406,78.7322,0
1110,1705,1728,6,32.7336,117.1897,41.7861,87.7525,0
830,1418,1535,3,33.9425,118.4072,44.8819,93.2217,1
1145,1445,1959,4,36.1244,86.6783,37.7214,122.2208,0
1920,2040,373,2,33.9425,118.4072,38.6956,121.5908,1
1403,2011,1969,1,40.7883,111.9778,40.6925,74.1686,1
1558,1638,94,3,18.4394,66.0019,17.7016,64.8017,1
836,1114,895,5,41.4094,81.855,28.4294,81.3089,0
826,1039,1927,7,42.2125,83.3533,47.45,122.3117,0
1345,1548,569,6,39.0489,84.6678,40.6925,74.1686,0
1105,1202,541,4,40.7883,111.9778,33.8297,116.5067,1
2015,2222,547,1,38.8522,77.0378,33.6367,84.4281,0
1001,1102,119,1,44.8819,93.2217,43.8792,91.2567,0
1154,1350,1005,1,28.4294,81.3089,41.9808,87.9067,0
2245,14,299,5,41.9808,87.9067,41.5339,93.6631,NA
845,1213,1185,7,42.3631,71.0064,27.9756,82.5333,0
927,1144,641,3,30.4833,86.5253,32.8969,97.0381,0
1300,1400,239,5,29.6456,95.2789,32.8472,96.8517,1
1525,1715,740,5,40.6397,73.7789,41.9808,87.9067,0
710,809,1055,5,32.8969,97.0381,36.08,115.1522,0
635,822,413,5,42.3631,71.0064,38.9475,77.46,0
750,1016,1558,5,39.8722,75.2408,39.8617,104.6731,0
1745,2008,762,7,33.6367,84.4281,40.7772,73.8725,0
1510,1701,1009,7,33.4342,112.0117,45.5883,122.5975,1
1425,1625,1521,3,41.7861,87.7525,36.08,115.1522,1
1235,1452,802,7,32.8969,97.0381,41.9808,87.9067,1
900,1136,802,2,41.9808,87.9067,32.8969,97.0381,1
815,1112,599,1,37.6189,122.375,40.7883,111.9778,1
1809,1935,361,6,35.2139,80.9431,39.1753,76.6683,0
1110,1414,782,3,37.65,97.4331,33.6367,84.4281,0
1715,2019,641,4,39.8617,104.6731,32.8969,97.0381,0
845,1145,678,1,41.9808,87.9067,39.8722,75.2408,0
1020,1101,102,6,21.3187,157.9225,21.976,159.3389,0
930,1256,1096,6,40.7772,73.8725,25.7932,80.2906,1
925,1020,495,5,35.3931,97.6008,39.8617,104.6731,1
1945,2045,226,1,36.08,115.1522,33.6756,117.8683,1
1636,1710,102,6,21.976,159.3389,21.3187,157.9225,0
1855,2224,936,5,32.8969,97.0381,35.2139,80.9431,0
1130,1958,2475,4,33.9425,118.4072,40.6397,73.7789,1
600,1413,2402,5,47.45,122.3117,40.6925,74.1686,0
1205,1341,500,2,32.8969,97.0381,30.4072,89.07,1
1314,1437,354,2,37.6189,122.375,33.8178,118.1517,0
812,1507,1749,3,36.08,115.1522,42.2125,83.3533,1
1216,1430,708,3,32.1275,81.2022,40.6925,74.1686,1
1144,1418,794,6,43.1111,76.1064,33.6367,84.4281,0
1825,2109,1744,4,41.9808,87.9067,33.9425,118.4072,1
1320,1524,1062,7,29.9933,90.2581,39.8617,104.6731,0
945,1318,1062,2,39.8617,104.6731,29.9933,90.2581,1
2145,2155,304,2,33.4342,112.0117,32.7336,117.1897,0
2335,706,2174,5,36.08,115.1522,25.7932,80.2906,0
2225,545,2556,5,21.3187,157.9225,33.9425,118.4072,0
1700,1945,590,5,33.9425,118.4072,40.7883,111.9778,1
600,811,645,5,42.9656,83.7436,33.6367,84.4281,0
515,640,366,7,29.18,81.0581,33.6367,84.4281,0
1019,1316,1249,4,26.5362,81.7553,42.3631,71.0064,1
1800,1827,332,1,33.6367,84.4281,35.0425,89.9767,0
1525,1625,210,3,39.1753,76.6683,40.4914,80.2328,0
2010,2015,287,3,43.5644,116.2228,47.62,117.5339,1
944,1100,199,3,40.5089,122.2933,37.6189,122.375,0
845,1128,925,1,29.9844,95.3414,41.9808,87.9067,0
725,850,407,6,37.7214,122.2208,36.08,115.1522,0
1251,1602,775,4,39.8617,104.6731,30.1944,97.67,0
830,1045,1197,4,25.7932,80.2906,41.9808,87.9067,0
800,942,470,2,32.8986,80.0406,26.0726,80.1528,0
1725,2011,1814,1,40.4914,80.2328,33.4342,112.0117,0
1930,2232,689,1,29.9844,95.3414,33.6367,84.4281,0
735,800,365,7,32.1161,110.9411,36.08,115.1522,0
1455,2105,1999,1,33.4342,112.0117,39.1753,76.6683,0
2110,16,719,5,41.9808,87.9067,40.6925,74.1686,1
1630,1745,342,5,37.3628,121.9292,33.6756,117.8683,1
1320,1420,248,7,29.5336,98.4697,32.8472,96.8517,0
630,841,541,4,40.6397,73.7789,35.2139,80.9431,0
1805,1936,337,6,39.8722,75.2408,35.8778,78.7875,0
1435,1649,1150,5,41.5339,93.6631,33.4342,112.0117,0
1930,2113,462,7,41.9808,87.9067,43.5819,96.7419,NA
1205,1410,1111,7,35.0403,106.6092,45.5883,122.5975,0
705,1008,2288,2,38.9475,77.46,33.9425,118.4072,0
2014,2155,453,3,42.2125,83.3533,39.8722,75.2408,1
1731,1853,612,7,38.8522,77.0378,41.9808,87.9067,1
1900,2059,545,4,26.6832,80.0956,33.6367,84.4281,0
951,1038,163,2,21.3187,157.9225,19.7388,156.0456,0
650,840,935,5,36.1983,95.8881,33.4342,112.0117,0
1944,2145,1399,6,44.8819,93.2217,47.45,122.3117,1
1813,1919,181,5,33.4536,93.9911,32.8969,97.0381,0
630,1144,1379,4,33.9425,118.4072,29.9844,95.3414,0
1125,1559,1599,3,33.6367,84.4281,18.3373,64.9733,0
820,940,391,5,33.9425,118.4072,39.4992,119.7681,0
1940,2050,794,7,29.5336,98.4697,39.8617,104.6731,0
1515,1650,448,5,38.7486,90.37,44.8819,93.2217,1
1420,1620,1072,2,28.4294,81.3089,39.2975,94.7139,1
610,936,936,7,32.1161,110.9411,29.9844,95.3414,1
2359,516,1337,3,39.8617,104.6731,35.2139,80.9431,1
1605,1658,551,6,33.6367,84.4281,32.4467,93.8256,0
1018,1144,427,6,35.8778,78.7875,40.6397,73.7789,1
1255,1751,1199,3,39.8617,104.6731,33.6367,84.4281,0
1330,1515,445,1,40.6925,74.1686,36.0978,79.9372,1
1930,2123,453,2,39.8722,75.2408,42.2125,83.3533,0
1230,1330,239,4,29.6456,95.2789,32.8472,96.8517,0
1755,2030,1209,4,39.1753,76.6683,32.8472,96.8517,0
1628,1800,444,3,33.6367,84.4281,27.3954,82.5544,0
1140,1349,1541,1,33.6367,84.4281,32.1161,110.9411,0
1320,1645,1020,6,33.4342,112.0117,29.6456,95.2789,1
925,1150,486,4,36.08,115.1522,35.0403,106.6092,1
1620,1725,255,5,39.1753,76.6683,35.8778,78.7875,1
2146,545,2329,2,33.9425,118.4072,39.1753,76.6683,NA
1744,1841,646,7,33.4342,112.0117,37.7214,122.2208,0
1911,2057,632,2,42.2125,83.3533,42.3631,71.0064,1
615,820,529,2,40.6925,74.1686,35.2139,80.9431,0
802,920,674,3,43.5644,116.2228,33.9425,118.4072,1
851,939,74,7,42.2125,83.3533,42.7786,84.5867,0
650,850,822,7,29.5336,98.4697,36.1244,86.6783,0
1655,1820,760,5,32.8986,80.0406,41.9808,87.9067,0
600,728,363,5,37.6189,122.375,34.0561,117.6011,0
720,840,349,7,39.8617,104.6731,35.0403,106.6092,NA
1536,1651,332,6,42.2125,83.3533,42.16,76.8917,0
1145,1303,326,4,37.6189,122.375,34.2006,118.3586,0
825,930,226,6,36.08,115.1522,33.6756,117.8683,0
2110,2245,432,2,33.6367,84.4281,39.7172,86.2947,1
500,645,334,3,44.8819,93.2217,41.9808,87.9067,0
1421,1720,946,6,42.3631,71.0064,33.6367,84.4281,0
2105,2358,1025,5,26.5362,81.7553,41.4094,81.855,0
1120,1318,640,4,42.8808,85.5228,33.6367,84.4281,1
1025,1300,1050,1,28.4294,81.3089,41.9389,72.6833,0
550,712,680,7,44.8819,93.2217,39.8617,104.6731,0
1805,2010,672,1,47.45,122.3117,37.7214,122.2208,1
1414,1544,474,3,37.5053,77.3197,42.3631,71.0064,0
1750,1900,333,4,34.0561,117.6011,37.3628,121.9292,1
1155,1357,1024,3,39.8617,104.6731,47.45,122.3117,1
1759,1824,328,1,35.2139,80.9431,36.1244,86.6783,1
1755,1943,500,4,35.2139,80.9431,42.2125,83.3533,0
2320,813,2917,7,21.3187,157.9225,33.4342,112.0117,0
55,519,1448,6,61.1744,149.9964,47.45,122.3117,1
1650,1855,679,7,37.6189,122.375,47.45,122.3117,0
550,744,529,7,35.2139,80.9431,40.6925,74.1686,0
805,1009,888,2,40.7772,73.8725,38.7486,90.37,0
1010,1208,644,7,35.2139,80.9431,41.9389,72.6833,1
835,1407,1607,5,39.8617,104.6731,26.5362,81.7553,0
1745,56,1943,4,37.6189,122.375,39.7172,86.2947,0
1845,2100,2026,3,35.8778,78.7875,36.08,115.1522,1
1129,1337,813,1,35.2139,80.9431,43.6461,70.3092,1
1205,1338,432,2,33.6367,84.4281,39.7172,86.2947,0
1055,1345,655,3,35.0425,89.9767,27.9756,82.5333,0
600,705,601,5,38.8522,77.0378,41.7861,87.7525,0
1800,1945,979,2,26.5362,81.7553,38.7486,90.37,0
825,942,187,6,40.6397,73.7789,42.3631,71.0064,1
959,1232,370,6,33.9425,118.4072,33.4342,112.0117,0
547,609,223,5,42.9656,83.7436,41.9808,87.9067,1
1700,2051,2136,1,40.6397,73.7789,32.1161,110.9411,1
1420,1640,369,3,34.2006,118.3586,33.4342,112.0117,1
1655,1938,1846,1,41.9808,87.9067,37.6189,122.375,1
645,839,1337,5,35.2139,80.9431,39.8617,104.6731,0
720,1100,990,3,41.7861,87.7525,28.4294,81.3089,0
830,1009,445,2,36.0978,79.9372,40.6925,74.1686,0
2035,2332,1127,1,26.0726,80.1528,42.2125,83.3533,1
1925,2134,325,7,34.0561,117.6011,33.4342,112.0117,1
612,830,762,3,33.6367,84.4281,40.7772,73.8725,0
1100,1255,689,5,29.9933,90.2581,39.2975,94.7139,0
825,1151,833,1,33.9425,118.4072,38.8058,104.7008,0
600,717,238,4,35.4339,119.0578,37.6189,122.375,0
1305,1532,408,1,44.8819,93.2217,42.8808,85.5228,1
500,713,738,4,42.3631,71.0064,33.6797,78.9283,1
1804,2013,735,4,33.4342,112.0117,43.5644,116.2228,1
940,1236,2279,7,35.2139,80.9431,47.45,122.3117,1
1218,1440,1587,6,33.6367,84.4281,33.4342,112.0117,1
1235,1430,969,5,38.8522,77.0378,29.9933,90.2581,0
1750,2024,2125,4,35.2139,80.9431,33.9425,118.4072,1
1341,1456,646,4,35.8778,78.7875,41.9808,87.9067,0
730,1520,2419,1,37.6189,122.375,38.9475,77.46,0
2305,105,602,5,39.8617,104.6731,33.4342,112.0117,0
1750,1845,621,5,33.4342,112.0117,37.3628,121.9292,0
2020,2222,1514,4,41.9808,87.9067,36.08,115.1522,1
1018,1121,113,3,42.2344,85.5517,42.2125,83.3533,0
750,1023,728,6,42.3631,71.0064,35.2139,80.9431,0
940,1353,2556,6,33.9425,118.4072,21.3187,157.9225,1
1825,2109,1744,6,41.9808,87.9067,33.9425,118.4072,1
1534,2359,2586,3,37.6189,122.375,40.6397,73.7789,0
1535,2249,1946,7,33.9425,118.4072,33.6367,84.4281,1
1830,2040,723,3,47.62,117.5339,37.7214,122.2208,0
630,1407,2079,4,37.6189,122.375,42.2125,83.3533,0
1545,1628,399,7,43.5644,116.2228,47.45,122.3117,0
620,1208,1608,3,37.3628,121.9292,29.9844,95.3414,0
1423,1557,334,7,44.8819,93.2217,41.9808,87.9067,1
1815,2204,2917,2,33.4342,112.0117,21.3187,157.9225,0
2020,2345,967,4,37.6189,122.375,39.8617,104.6731,0
1107,1239,1747,7,33.6367,84.4281,36.08,115.1522,1
600,815,562,2,33.5639,86.7522,29.9844,95.3414,0
710,1012,983,1,42.2125,83.3533,27.9756,82.5333,1
1455,1844,1189,6,28.4294,81.3089,18.4394,66.0019,0
1257,1842,1572,4,43.6072,110.7378,33.6367,84.4281,0
1215,1529,731,7,32.8969,97.0381,33.6367,84.4281,0
720,924,926,4,39.9981,82.8919,32.8969,97.0381,0
2225,2345,423,2,32.8472,96.8517,35.0425,89.9767,1
655,815,642,6,37.5053,77.3197,41.9808,87.9067,1
700,917,636,5,40.6397,73.7789,32.8986,80.0406,1
1205,1254,106,7,33.6367,84.4281,35.0353,85.2036,0
1530,1650,373,2,33.9425,118.4072,38.6956,121.5908,1
1434,1656,1635,5,29.9844,95.3414,37.6189,122.375,0
1116,1253,909,2,39.8617,104.6731,38.6956,121.5908,1
2030,2120,216,6,19.7202,155.0483,21.3187,157.9225,0
1500,1600,239,4,29.6456,95.2789,32.8472,96.8517,1
1125,1235,305,6,29.9844,95.3414,29.9933,90.2581,1
1520,1859,989,7,40.7883,111.9778,32.8969,97.0381,0
1100,1240,391,5,40.7883,111.9778,39.8617,104.6731,0
935,1205,834,4,45.5883,122.5975,33.9425,118.4072,0
1216,1517,946,1,42.3631,71.0064,33.6367,84.4281,1
225,650,1448,4,61.1744,149.9964,47.45,122.3117,0
700,1020,2475,5,40.6397,73.7789,33.9425,118.4072,1
2155,2303,200,3,40.6925,74.1686,42.3631,71.0064,0
727,755,235,1,42.2125,83.3533,41.9808,87.9067,1
1254,1520,328,4,36.1244,86.6783,35.2139,80.9431,1
1930,2125,1476,1,30.1944,97.67,37.3628,121.9292,1
1535,1752,802,4,32.8969,97.0381,41.9808,87.9067,1
630,805,391,7,40.7883,111.9778,39.8617,104.6731,0
1441,1655,752,4,NA,NA,39.8617,104.6731,0
1905,2010,236,2,36.08,115.1522,33.9425,118.4072,0
1920,2241,2496,5,42.3631,71.0064,47.45,122.3117,1
1130,1441,625,7,33.5639,86.7522,42.2125,83.3533,0
1455,1621,299,6,41.5339,93.6631,41.9808,87.9067,0
742,918,334,4,41.9808,87.9067,44.8819,93.2217,0
1855,2142,954,6,33.9425,118.4072,47.45,122.3117,0
1145,1405,666,6,39.8722,75.2408,33.6367,84.4281,1
1645,1858,1616,3,32.8969,97.0381,45.5883,122.5975,1
1600,1859,612,4,41.9808,87.9067,38.8522,77.0378,0
715,1004,859,2,41.9389,72.6833,33.6367,84.4281,0
1940,2215,1005,1,39.7172,86.2947,26.0726,80.1528,1
1330,1630,680,2,39.8617,104.6731,44.8819,93.2217,0
555,903,731,5,32.8969,97.0381,33.6367,84.4281,0
1812,1924,247,7,29.5336,98.4697,32.8969,97.0381,1
1755,1857,528,4,42.2125,83.3533,44.8819,93.2217,1
741,1027,551,7,32.4467,93.8256,33.6367,84.4281,0
948,1046,565,4,33.6367,84.4281,40.6642,89.6933,0
755,925,404,5,28.4294,81.3089,33.6367,84.4281,0
1440,1637,1044,4,39.2975,94.7139,33.4342,112.0117,0
1330,1430,220,4,39.1753,76.6683,40.7953,73.1003,0
2120,506,2218,3,33.9425,118.4072,28.4294,81.3089,1
800,1008,1488,4,39.7172,86.2947,33.4342,112.0117,1
1207,1445,983,4,27.9756,82.5333,42.2125,83.3533,0
1300,1359,227,5,32.8969,97.0381,35.3367,94.3675,1
841,927,163,3,21.3187,157.9225,19.7388,156.0456,0
1520,1741,760,6,33.6367,84.4281,40.6397,73.7789,0
1536,1724,1046,3,18.4394,66.0019,26.0726,80.1528,1
1125,1258,862,7,29.9844,95.3414,39.8617,104.6731,1
1353,1514,761,1,33.6367,84.4281,35.3931,97.6008,1
1745,1919,481,2,33.6367,84.4281,37.5053,77.3197,0
700,823,444,6,32.8986,80.0406,38.8522,77.0378,0
1520,1819,1118,1,26.0726,80.1528,41.5042,74.1047,0
600,745,545,5,26.6832,80.0956,33.6367,84.4281,0
757,907,209,2,40.6925,74.1686,42.9328,71.4358,1
1025,1125,197,7,27.9756,82.5333,26.0726,80.1528,0
1815,2249,1609,5,29.6456,95.2789,42.3631,71.0064,0
1450,1631,524,1,45.7775,111.1519,39.8617,104.6731,0
1000,1245,954,7,33.9425,118.4072,47.45,122.3117,1
600,729,356,5,35.8778,78.7875,33.6367,84.4281,1
2220,2324,214,2,33.6367,84.4281,32.1275,81.2022,0
830,940,293,4,32.8472,96.8517,33.6636,101.8228,1
1450,1555,229,7,32.8969,97.0381,31.3578,100.4964,1
1750,1925,337,7,37.6189,122.375,33.9425,118.4072,0
1400,1545,670,2,29.6456,95.2789,36.1244,86.6783,1
625,746,655,2,40.6522,75.4403,41.9808,87.9067,0
645,1027,2717,7,26.0726,80.1528,47.45,122.3117,0
730,913,414,7,37.6189,122.375,36.08,115.1522,0
730,1047,2402,6,39.8722,75.2408,33.9425,118.4072,1
1205,1624,1400,1,29.9844,95.3414,40.6925,74.1686,0
946,1315,964,4,29.9844,95.3414,25.7932,80.2906,0
2105,25,942,4,36.1244,86.6783,42.3631,71.0064,1
725,835,308,5,33.9425,118.4072,37.3628,121.9292,0
1456,1655,566,4,33.6367,84.4281,41.7083,86.3172,0
1335,1647,1416,7,40.7772,73.8725,29.9844,95.3414,0
2226,2331,156,6,33.9425,118.4072,35.2372,120.6425,0
833,913,100,1,21.3187,157.9225,20.8986,156.4306,0
605,805,547,3,38.8522,77.0378,33.6367,84.4281,0
2030,2249,1121,6,25.7932,80.2906,32.8969,97.0381,0
700,1313,1846,3,37.6189,122.375,41.9808,87.9067,0
620,939,1372,3,40.6925,74.1686,32.8969,97.0381,0
1400,1541,391,5,39.8617,104.6731,40.7883,111.9778,1
1510,2017,1303,7,32.7336,117.1897,29.9844,95.3414,1
1025,1508,1597,5,29.9844,95.3414,42.3631,71.0064,0
720,1050,882,4,38.7486,90.37,28.4294,81.3089,0
540,725,1371,1,38.7486,90.37,36.08,115.1522,0
1850,1950,197,4,27.9756,82.5333,26.0726,80.1528,1
700,848,605,5,38.6956,121.5908,47.45,122.3117,1
740,950,1189,5,18.4394,66.0019,28.4294,81.3089,0
830,1040,1237,1,18.4394,66.0019,27.9756,82.5333,0
2223,32,746,6,33.6367,84.4281,40.6925,74.1686,NA
1259,1613,2465,5,40.6397,73.7789,33.8178,118.1517,1
2105,2359,626,5,32.7336,117.1897,40.7883,111.9778,0
753,940,529,3,33.6797,78.9283,26.0726,80.1528,1
1120,1320,602,1,39.8617,104.6731,33.4342,112.0117,1
910,1025,302,1,29.9933,90.2581,29.6456,95.2789,0
550,839,1065,2,26.0726,80.1528,40.6925,74.1686,0
1300,1450,581,2,33.6367,84.4281,26.0726,80.1528,0
535,849,804,5,39.4992,119.7681,39.8617,104.6731,0
1440,1652,636,5,40.6397,73.7789,32.8986,80.0406,1
1945,2308,964,5,29.9844,95.3414,25.7932,80.2906,1
1245,1516,932,6,26.0726,80.1528,39.0489,84.6678,1
1845,2029,1824,2,41.4094,81.855,36.08,115.1522,NA
2020,2350,1017,1,32.8969,97.0381,26.5362,81.7553,1
533,744,867,5,42.3631,71.0064,41.9808,87.9067,0
2215,15,639,4,39.8617,104.6731,32.1161,110.9411,0
900,1015,362,5,37.7214,122.2208,34.0561,117.6011,0
1620,1949,1009,7,33.4342,112.0117,29.9844,95.3414,1
955,1755,2425,6,32.7336,117.1897,40.6925,74.1686,1
1937,2141,151,5,34.6372,86.775,33.6367,84.4281,0
1640,1813,862,2,39.8617,104.6731,33.9425,118.4072,1
700,952,1185,3,27.9756,82.5333,42.3631,71.0064,0
2120,2340,448,1,36.1244,86.6783,41.4094,81.855,1
1125,1445,853,6,32.7336,117.1897,39.8617,104.6731,0
605,820,748,5,36.7761,119.7181,47.45,122.3117,0
1830,1930,159,6,36.8947,76.2011,39.1753,76.6683,1
1030,1150,328,5,35.0403,106.6092,33.4342,112.0117,0
2018,2113,113,1,42.2125,83.3533,42.2344,85.5517,1
1237,1337,192,1,33.6367,84.4281,33.9389,81.1194,0
1015,1240,1587,7,33.6367,84.4281,33.4342,112.0117,0
940,1258,2446,1,40.6397,73.7789,32.7336,117.1897,0
940,1045,236,6,36.08,115.1522,33.9425,118.4072,1
910,1000,475,4,35.8111,83.9939,41.9808,87.9067,0
1421,1720,946,3,42.3631,71.0064,33.6367,84.4281,0
1911,2040,351,5,32.3111,90.0758,29.9844,95.3414,0
2155,2320,1313,4,29.6456,95.2789,32.7336,117.1897,0
620,930,738,5,42.9472,87.8967,40.7772,73.8725,0
850,1045,585,5,36.1983,95.8881,41.9808,87.9067,0
1207,1301,216,3,21.3187,157.9225,19.7202,155.0483,1
2151,135,1045,6,25.7932,80.2906,18.4394,66.0019,0
545,831,937,1,40.6925,74.1686,28.4294,81.3089,0
1550,1752,122,5,41.9808,87.9067,42.2344,85.5517,0
2055,2110,338,2,33.4342,112.0117,33.6756,117.8683,1
830,1015,391,5,39.8617,104.6731,40.7883,111.9778,0
1415,2240,2475,5,33.9425,118.4072,40.6397,73.7789,0
945,1240,1052,1,40.7953,73.1003,26.6832,80.0956,1
1410,1540,391,3,39.8617,104.6731,40.7883,111.9778,0
1635,1754,308,1,33.9425,118.4072,37.3628,121.9292,1
1453,1634,507,1,33.4342,112.0117,40.7883,111.9778,1
1033,1414,2367,2,37.6189,122.375,19.7388,156.0456,0
635,845,838,2,45.5883,122.5975,34.0561,117.6011,0
630,850,402,2,41.7861,87.7525,40.4914,80.2328,0
645,855,2039,1,28.4294,81.3089,36.08,115.1522,1
815,1040,834,7,33.9425,118.4072,45.5883,122.5975,0
1530,1932,1182,7,41.9808,87.9067,26.0726,80.1528,1
1610,1830,666,7,39.8722,75.2408,33.6367,84.4281,0
1950,2240,411,6,44.8819,93.2217,41.7083,86.3172,1
705,1302,1721,1,47.45,122.3117,41.9808,87.9067,0
1055,1200,281,5,39.1753,76.6683,42.9406,78.7322,1
1120,1340,2139,2,33.6367,84.4281,37.6189,122.375,1
1705,1825,419,1,29.6456,95.2789,35.3931,97.6008,1
705,916,563,3,42.3631,71.0064,41.4094,81.855,0
905,925,365,4,32.1161,110.9411,36.08,115.1522,0
2000,2030,496,2,29.5336,98.4697,31.8072,106.3775,0
1045,1212,292,1,37.5053,77.3197,40.7772,73.8725,0
2126,2325,620,4,33.6367,84.4281,40.1936,76.7633,0
850,1034,888,6,41.9808,87.9067,39.8617,104.6731,1
530,655,1201,2,41.4094,81.855,39.8617,104.6731,0
1100,1318,214,4,36.1244,86.6783,33.6367,84.4281,0
1439,1700,646,1,42.7492,73.8019,35.2139,80.9431,0
1800,2003,640,3,42.8808,85.5228,33.6367,84.4281,0
2030,25,2153,5,40.6397,73.7789,33.4342,112.0117,1
1447,1619,907,2,33.6367,84.4281,44.8819,93.2217,1
1845,1940,651,2,32.8472,96.8517,39.8617,104.6731,1
730,1505,2288,3,33.9425,118.4072,38.9475,77.46,0
1255,1913,1846,5,37.6189,122.375,41.9808,87.9067,1
1049,1155,647,5,33.4342,112.0117,38.6956,121.5908,1
747,935,909,6,39.8617,104.6731,38.6956,121.5908,0
616,815,409,1,36.1244,86.6783,41.9808,87.9067,NA
2240,16,868,7,32.8969,97.0381,33.4342,112.0117,1
2025,2342,1197,2,42.3631,71.0064,26.6832,80.0956,0
1630,1851,1592,3,38.7486,90.37,33.9425,118.4072,0
545,814,1091,6,41.4094,81.855,29.9844,95.3414,0
1155,1227,425,2,33.6367,84.4281,29.9933,90.2581,0
1500,1922,1562,4,32.8969,97.0381,42.3631,71.0064,1
1441,1608,351,5,32.3111,90.0758,29.9844,95.3414,0
1435,1641,134,1,33.5639,86.7522,33.6367,84.4281,1
1440,1955,1482,4,45.5883,122.5975,39.2975,94.7139,0
2035,2359,1237,7,42.3631,71.0064,26.0726,80.1528,1
800,1235,1129,2,32.7336,117.1897,29.5336,98.4697,0
722,1049,966,1,29.9844,95.3414,26.0726,80.1528,0
2005,2307,733,2,41.9808,87.9067,40.7772,73.8725,0
730,1505,2139,5,37.6189,122.375,33.6367,84.4281,0
1525,1715,495,1,39.1753,76.6683,38.1742,85.7364,1
1345,1642,607,1,41.9808,87.9067,43.1111,76.1064,1
2025,2325,1096,5,25.7932,80.2906,40.7772,73.8725,1
2040,2137,1055,3,32.8969,97.0381,36.08,115.1522,0
1545,1714,347,7,40.7883,111.9778,45.7775,111.1519,0
1845,2110,451,5,33.9425,118.4072,32.1161,110.9411,0
704,942,453,5,34.7294,92.2244,33.6367,84.4281,0
1954,2121,803,4,33.6367,84.4281,31.0672,97.8289,1
805,930,354,2,27.7704,97.5011,32.8969,97.0381,0
511,837,991,4,45.5883,122.5975,39.8617,104.6731,0
1830,2115,1754,7,42.3631,71.0064,39.8617,104.6731,0
555,710,351,7,36.1983,95.8881,38.7486,90.37,1
1350,1845,1243,4,34.2006,118.3586,32.8472,96.8517,1
620,740,1235,4,29.6456,95.2789,36.08,115.1522,0
1745,1913,209,7,42.9328,71.4358,40.6925,74.1686,NA
1615,1722,196,5,39.8722,75.2408,41.9389,72.6833,0
1105,1304,563,6,40.7772,73.8725,33.6797,78.9283,0
1215,1341,353,7,37.1514,107.7539,33.4342,112.0117,1
922,1026,651,3,35.2139,80.9431,29.9933,90.2581,0
1900,2047,874,2,33.6367,84.4281,29.5336,98.4697,0
1943,2115,200,1,42.3631,71.0064,40.6925,74.1686,1
1025,1135,213,5,44.7775,89.6667,41.9808,87.9067,1
1346,1501,262,2,34.4261,119.8414,37.6189,122.375,0
1250,1551,731,1,32.8969,97.0381,33.6367,84.4281,1
726,924,666,1,33.6367,84.4281,39.8722,75.2408,1
700,946,1080,2,26.5362,81.7553,40.7772,73.8725,0
700,952,1185,3,27.9756,82.5333,42.3631,71.0064,0
930,1258,1076,4,40.7772,73.8725,26.0726,80.1528,0
1200,1310,1164,4,30.1944,97.67,32.7336,117.1897,1
715,1146,1504,5,30.1944,97.67,40.6925,74.1686,0
1107,1251,463,5,40.7883,111.9778,47.4828,111.3706,0
830,1635,2378,3,47.45,122.3117,39.8722,75.2408,0
1535,1640,140,4,29.9844,95.3414,30.1944,97.67,1
2033,2155,680,3,44.8819,93.2217,39.8617,104.6731,1
1755,2035,954,4,33.9425,118.4072,47.45,122.3117,1
1718,2030,731,7,32.8969,97.0381,33.6367,84.4281,1
715,830,417,3,37.3628,121.9292,32.7336,117.1897,1
930,1121,1337,7,35.2139,80.9431,39.8617,104.6731,0
810,940,404,3,33.6756,117.8683,38.6956,121.5908,0
600,700,239,3,29.6456,95.2789,32.8472,96.8517,0
1820,2010,655,6,28.4294,81.3089,36.8947,76.2011,0
1545,1725,543,6,37.7214,122.2208,45.5883,122.5975,1
1459,1625,862,6,39.8617,104.6731,33.9425,118.4072,1
603,850,820,4,40.6925,74.1686,30.4942,81.6878,0
1110,1440,1009,1,33.4342,112.0117,29.9844,95.3414,0
1942,2109,1749,7,42.2125,83.3533,36.08,115.1522,0
1740,2253,1379,1,33.9425,118.4072,29.9844,95.3414,1
1027,1135,174,1,39.8442,89.6781,41.9808,87.9067,1
1045,1255,584,7,33.5639,86.7522,41.9808,87.9067,1
1215,1535,895,6,39.8617,104.6731,41.7861,87.7525,0
1548,1625,100,2,20.8986,156.4306,21.3187,157.9225,1
1140,1533,1182,1,29.9933,90.2581,40.6397,73.7789,0
1125,1248,299,2,41.5339,93.6631,41.9808,87.9067,1
1530,1638,191,5,29.5336,98.4697,29.9844,95.3414,1
1825,2225,1182,1,41.9808,87.9067,26.0726,80.1528,1
1200,1455,651,7,39.8617,104.6731,32.8472,96.8517,1
845,1655,2454,3,33.9425,118.4072,40.6925,74.1686,0
1745,1939,496,2,42.3631,71.0064,40.4914,80.2328,1
1245,1343,109,2,33.9425,118.4072,32.7336,117.1897,0
850,1220,979,7,38.7486,90.37,26.5362,81.7553,0
850,1133,1744,3,41.9808,87.9067,33.9425,118.4072,1
805,910,588,5,40.7883,111.9778,37.7214,122.2208,0
815,1042,861,5,28.4294,81.3089,39.8722,75.2408,0
730,840,258,7,32.7336,117.1897,36.08,115.1522,1
1130,1520,1013,3,39.2231,106.8689,41.9808,87.9067,0
705,904,432,1,39.7172,86.2947,33.6367,84.4281,1
1235,1422,563,7,41.4094,81.855,42.3631,71.0064,0
1150,1656,1299,6,36.08,115.1522,44.8819,93.2217,0
1230,1403,372,4,37.6189,122.375,33.6756,117.8683,1
1605,1732,427,4,29.9844,95.3414,30.6914,88.2428,0
1529,1904,1096,6,40.7772,73.8725,25.7932,80.2906,1
1855,2029,391,2,39.8617,104.6731,40.7883,111.9778,1
1640,38,2419,5,37.6189,122.375,38.9475,77.46,1
2025,2210,583,5,32.8969,97.0381,41.3031,95.8942,0
755,915,297,7,42.9472,87.8967,44.8819,93.2217,NA
609,800,861,7,39.9025,84.2194,32.8969,97.0381,NA
2148,545,2329,4,33.9425,118.4072,39.1753,76.6683,0
1520,1735,853,3,32.8969,97.0381,42.9472,87.8967,0
1520,1715,461,1,40.7772,73.8725,36.0978,79.9372,1
1350,1608,787,3,28.4294,81.3089,39.1753,76.6683,1
2000,2330,1108,5,32.8472,96.8517,26.0726,80.1528,0
1925,2055,236,4,36.08,115.1522,33.9425,118.4072,1
700,926,1158,3,37.5053,77.3197,32.8969,97.0381,0
900,1034,337,7,33.9425,118.4072,37.6189,122.375,0
748,1004,794,2,41.9808,87.9067,30.4733,87.1867,0
1300,1517,304,5,32.7336,117.1897,33.4342,112.0117,0
2230,2335,220,7,39.1753,76.6683,40.7953,73.1003,1
1859,2245,2704,1,42.3631,71.0064,37.6189,122.375,1
1823,2135,669,5,42.9472,87.8967,33.6367,84.4281,1
635,830,547,6,38.8522,77.0378,33.6367,84.4281,0
925,1115,587,3,35.8778,78.7875,27.9756,82.5333,0
2050,10,957,4,37.7214,122.2208,39.8617,104.6731,1
740,1001,679,4,47.45,122.3117,37.6189,122.375,1
1115,1307,989,4,32.8969,97.0381,40.7883,111.9778,1
640,1127,1569,7,29.5336,98.4697,40.6925,74.1686,0
1245,1335,181,1,32.8472,96.8517,35.3931,97.6008,1
1825,2050,820,2,30.4942,81.6878,40.6925,74.1686,NA
750,943,550,1,37.6189,122.375,45.5883,122.5975,0
1005,1305,711,4,41.7861,87.7525,40.6925,74.1686,0
1500,1641,405,3,38.8522,77.0378,42.2125,83.3533,1
1755,1939,930,1,35.2139,80.9431,44.8819,93.2217,1
1555,1948,1120,4,41.9808,87.9067,26.5362,81.7553,0
715,1035,2422,4,40.6397,73.7789,47.45,122.3117,0
1320,1557,1041,6,27.3954,82.5544,40.6397,73.7789,1
930,1104,383,1,30.5328,91.15,32.8969,97.0381,1
540,850,1089,1,40.6397,73.7789,25.7932,80.2906,0
1300,1618,788,6,29.9844,95.3414,38.1742,85.7364,0
1210,1310,277,1,26.2285,97.6544,29.6456,95.2789,1
2010,2255,616,1,36.1244,86.6783,28.4294,81.3089,1
945,1105,345,6,36.08,115.1522,39.4992,119.7681,1
630,900,925,4,26.0726,80.1528,39.1753,76.6683,0
2347,840,2917,2,21.3187,157.9225,33.4342,112.0117,1
900,1058,867,7,42.3631,71.0064,41.9808,87.9067,1
1805,1905,89,1,34.4261,119.8414,33.9425,118.4072,0
1630,1851,1535,3,44.8819,93.2217,33.9425,118.4072,0
740,1501,1946,2,33.9425,118.4072,33.6367,84.4281,0
2100,550,2717,4,47.45,122.3117,26.0726,80.1528,0
1200,1341,888,4,41.9808,87.9067,39.8617,104.6731,1
600,844,558,5,34.0561,117.6011,40.7883,111.9778,0
639,905,1995,2,39.9981,82.8919,33.9425,118.4072,1
1155,1412,1095,5,35.2139,80.9431,29.5336,98.4697,0
1200,1532,2475,4,40.6397,73.7789,33.9425,118.4072,0
1440,1654,637,4,40.6925,74.1686,41.7083,86.3172,1
700,904,1189,5,18.4394,66.0019,28.4294,81.3089,0
1125,1357,1310,2,28.4294,81.3089,44.8819,93.2217,0
1608,1859,1931,1,28.4294,81.3089,40.7883,111.9778,1
2155,2220,402,4,40.4914,80.2328,41.7861,87.7525,1
834,940,190,7,30.1944,97.67,32.8969,97.0381,1
2350,707,2486,5,20.8986,156.4306,33.9425,118.4072,0
615,750,587,2,32.8472,96.8517,33.5639,86.7522,0
735,1003,1558,6,39.8722,75.2408,39.8617,104.6731,1
2210,2335,472,1,32.8986,80.0406,39.1753,76.6683,0
1535,1720,562,1,29.9844,95.3414,33.5639,86.7522,1
745,915,372,1,33.6756,117.8683,37.6189,122.375,0
1455,1639,907,7,33.6367,84.4281,44.8819,93.2217,0
855,1200,1437,1,41.9808,87.9067,43.5644,116.2228,1
1648,1807,1123,1,42.2125,83.3533,39.8617,104.6731,1
1405,1650,528,1,41.9808,87.9067,NA,NA,1
1150,1543,2994,2,40.7883,111.9778,21.3187,157.9225,1
1450,1726,2125,2,35.2139,80.9431,33.9425,118.4072,1
1520,1645,447,7,37.6189,122.375,32.7336,117.1897,1
930,1203,728,7,42.3631,71.0064,35.2139,80.9431,0
1245,1517,1005,6,27.9756,82.5333,40.6397,73.7789,1
1025,1345,909,1,38.6956,121.5908,39.8617,104.6731,0
1749,1854,257,7,35.2139,80.9431,37.5053,77.3197,0
2326,55,868,7,32.8969,97.0381,33.4342,112.0117,1
1650,654,4817,4,21.3187,157.9225,38.9475,77.46,0
715,854,868,2,32.8969,97.0381,33.4342,112.0117,1
2020,2357,2576,4,40.6397,73.7789,37.7214,122.2208,NA
625,746,655,4,40.6522,75.4403,41.9808,87.9067,0
1443,1520,100,3,20.8986,156.4306,21.3187,157.9225,1
819,1010,430,3,41.4094,81.855,35.2139,80.9431,0
1310,2111,2446,5,37.6189,122.375,28.4294,81.3089,0
2315,612,1749,5,36.08,115.1522,42.2125,83.3533,0
2245,458,1744,1,33.9425,118.4072,41.9808,87.9067,1
1752,1840,110,7,33.4342,112.0117,32.1161,110.9411,0
2040,2220,569,5,45.5883,122.5975,37.3628,121.9292,1
1915,2035,692,2,33.6367,84.4281,39.2975,94.7139,0
1315,1637,769,3,40.4811,107.2178,32.8969,97.0381,0
1700,1936,944,1,28.4294,81.3089,40.6397,73.7789,1
2135,553,2586,5,37.6189,122.375,40.6397,73.7789,0
1650,1813,377,4,33.6367,84.4281,34.2706,77.9025,0
2005,2153,900,7,42.2125,83.3533,35.3931,97.6008,0
2015,2055,495,5,35.3931,97.6008,39.8617,104.6731,1
1900,2020,353,7,37.7214,122.2208,33.8178,118.1517,1
735,950,825,6,29.9933,90.2581,41.7861,87.7525,0
900,1049,667,7,28.4294,81.3089,37.5053,77.3197,0
2225,2340,668,2,39.8722,75.2408,41.7861,87.7525,0
2000,2220,1242,4,26.0726,80.1528,39.2975,94.7139,1
750,955,1024,1,39.8617,104.6731,47.45,122.3117,0
1350,1639,1180,6,26.5362,81.7553,41.9389,72.6833,1
1835,2354,1489,4,47.45,122.3117,39.2975,94.7139,NA
845,1054,612,4,42.3631,71.0064,35.8778,78.7875,0
950,1538,1754,5,39.8617,104.6731,42.3631,71.0064,1
1322,1601,977,2,30.1944,97.67,41.9808,87.9067,1
1745,1910,717,5,42.7492,73.8019,41.7861,87.7525,1
1830,1942,247,3,29.5336,98.4697,32.8969,97.0381,1
1715,2043,1096,6,40.7772,73.8725,25.7932,80.2906,1
1435,1759,1623,6,18.3373,64.9733,40.6397,73.7789,0
645,805,362,2,34.0561,117.6011,37.7214,122.2208,0
943,1035,74,6,42.7786,84.5867,42.2125,83.3533,0
1350,1455,253,4,29.9844,95.3414,30.5328,91.15,0
1540,1812,1744,6,41.9808,87.9067,33.9425,118.4072,0
850,1020,484,5,29.6456,95.2789,35.0425,89.9767,1
1736,1858,349,5,NA,NA,42.2125,83.3533,0
1240,1400,345,4,36.08,115.1522,39.4992,119.7681,0
1850,2049,1009,6,29.9844,95.3414,33.4342,112.0117,1
1310,1750,1139,3,36.08,115.1522,39.2975,94.7139,0
1105,1148,100,6,21.3187,157.9225,20.8986,156.4306,0
1835,2344,1379,6,33.9425,118.4072,29.9844,95.3414,1
1240,1515,1190,4,38.9475,77.46,29.9844,95.3414,0
1415,1616,516,3,36.8947,76.2011,33.6367,84.4281,0
1437,1659,867,4,47.45,122.3117,36.08,115.1522,1
940,1105,436,5,29.9933,90.2581,32.8472,96.8517,1
1825,1950,395,5,36.1244,86.6783,41.7861,87.7525,NA
2315,501,1744,3,33.9425,118.4072,41.9808,87.9067,1
2123,530,2454,1,33.9425,118.4072,40.6925,74.1686,1
2120,2325,818,5,39.7172,86.2947,42.3631,71.0064,0
1945,2114,337,1,37.6189,122.375,33.9425,118.4072,1
805,925,328,7,35.0403,106.6092,33.4342,112.0117,0
1429,1626,534,2,38.9475,77.46,33.6367,84.4281,1
1740,2320,1737,1,33.4342,112.0117,41.4094,81.855,1
713,748,100,1,20.8986,156.4306,21.3187,157.9225,0
905,1050,543,6,37.7214,122.2208,45.5883,122.5975,0
745,1127,1258,5,42.3631,71.0064,25.7932,80.2906,0
1255,1436,468,5,35.2139,80.9431,28.4294,81.3089,1
1124,1256,455,5,39.8617,104.6731,45.8078,108.5428,1
1445,1628,507,2,35.2139,80.9431,27.9756,82.5333,0
624,725,573,4,46.9297,98.6783,39.8617,104.6731,0
1000,1245,1035,4,26.6832,80.0956,40.7772,73.8725,0
1000,1258,1062,4,26.0726,80.1528,41.4094,81.855,1
1111,1438,991,7,45.5883,122.5975,39.8617,104.6731,0
1340,1450,236,6,36.08,115.1522,33.9425,118.4072,1
1315,1605,668,2,41.7861,87.7525,39.8722,75.2408,0
1239,1342,190,3,30.1944,97.67,32.8969,97.0381,1
1523,1700,334,2,41.9808,87.9067,44.8819,93.2217,0
945,1059,612,5,38.8522,77.0378,41.9808,87.9067,0
900,1156,1076,6,26.0726,80.1528,40.7772,73.8725,0
800,1308,1269,7,35.0403,106.6092,33.6367,84.4281,0
905,1011,204,6,27.9756,82.5333,25.7932,80.2906,1
1910,2245,990,1,41.7861,87.7525,28.4294,81.3089,1
1759,1824,328,7,35.2139,80.9431,36.1244,86.6783,1
1630,1904,946,5,33.6367,84.4281,42.3631,71.0064,1
1835,42,1846,2,37.6189,122.375,41.9808,87.9067,0
910,1022,641,4,32.8969,97.0381,39.8617,104.6731,1
1758,1933,369,6,39.1753,76.6683,42.3631,71.0064,0
700,825,353,2,33.8178,118.1517,37.7214,122.2208,1
610,845,925,1,39.1753,76.6683,26.0726,80.1528,0
1557,1849,1487,3,26.0726,80.1528,44.8819,93.2217,1
1500,2151,1747,7,36.08,115.1522,33.6367,84.4281,0
725,1315,1481,7,40.7883,111.9778,42.2125,83.3533,0
830,1032,500,1,42.2125,83.3533,35.2139,80.9431,0
2315,5,159,3,39.1753,76.6683,36.8947,76.2011,1
1253,1541,629,5,39.2975,94.7139,42.2125,83.3533,1
2121,2143,271,2,33.6367,84.4281,30.4733,87.1867,1
900,1605,1910,6,36.08,115.1522,40.4914,80.2328,0
510,854,930,2,44.8819,93.2217,35.2139,80.9431,0
1300,1640,930,3,44.8819,93.2217,35.2139,80.9431,1
950,1025,425,4,33.6367,84.4281,29.9933,90.2581,1
1042,1148,223,7,30.3967,84.3503,33.6367,84.4281,1
1415,1722,1598,1,18.4394,66.0019,40.6397,73.7789,0
1655,1921,632,6,42.3631,71.0064,42.2125,83.3533,0
1035,1430,1256,3,39.2975,94.7139,42.3631,71.0064,0
1845,2033,630,5,32.8969,97.0381,39.8442,89.6781,0
2105,2239,397,6,41.9808,87.9067,46.8422,92.1936,NA
1515,2050,1481,5,40.7883,111.9778,42.2125,83.3533,1
1915,2150,1846,2,41.9808,87.9067,37.6189,122.375,1
1125,1245,257,2,44.8819,93.2217,45.4492,98.4219,0
1555,1908,1605,2,18.3373,64.9733,39.8722,75.2408,0
1112,1241,354,1,33.8178,118.1517,37.6189,122.375,0
1555,1745,1048,7,27.9756,82.5333,39.2975,94.7139,1
710,815,201,1,29.9844,95.3414,30.2053,91.9875,0
735,840,223,4,36.08,115.1522,34.2006,118.3586,0
1955,2115,337,3,39.1753,76.6683,39.9981,82.8919,0
650,747,106,3,35.0353,85.2036,33.6367,84.4281,0
1540,1925,1209,7,32.8472,96.8517,39.1753,76.6683,1
1505,1622,262,1,32.5108,92.0378,29.9844,95.3414,0
1339,1734,1047,1,43.6072,110.7378,32.8969,97.0381,1
1244,1240,151,7,33.6367,84.4281,34.6372,86.775,0
1602,1724,689,4,40.7883,111.9778,47.45,122.3117,1
1704,2329,1990,5,40.7883,111.9778,40.6397,73.7789,0
915,1125,214,5,36.1244,86.6783,33.6367,84.4281,0
740,845,628,7,39.8617,104.6731,36.08,115.1522,1
2220,10,554,6,33.6367,84.4281,41.4094,81.855,1
1605,1725,369,3,39.1753,76.6683,42.3631,71.0064,0
1405,1647,951,5,26.6832,80.0956,39.8722,75.2408,0
1245,1425,374,7,43.1111,76.1064,42.2125,83.3533,1
1520,1820,641,3,39.8617,104.6731,32.8969,97.0381,0
630,752,358,7,45.9547,112.4975,40.7883,111.9778,0
600,938,1119,2,32.8969,97.0381,26.0726,80.1528,0
540,835,1814,6,40.4914,80.2328,33.4342,112.0117,NA
1845,2345,1390,1,33.9425,118.4072,29.6456,95.2789,1
920,1055,404,3,28.4294,81.3089,33.6367,84.4281,0
1235,1505,1259,6,41.7861,87.7525,40.7883,111.9778,1
2005,2040,425,5,33.6367,84.4281,29.9933,90.2581,1
645,945,759,2,35.0403,106.6092,29.6456,95.2789,0
1007,1048,68,6,18.3373,64.9733,18.4394,66.0019,0
620,840,1620,5,40.7772,73.8725,39.8617,104.6731,0
1313,1407,83,5,46.9297,98.6783,48.1144,98.9086,0
1255,1535,762,5,40.7772,73.8725,33.6367,84.4281,0
1150,1410,828,5,30.4942,81.6878,40.6397,73.7789,0
115,900,2218,3,33.9425,118.4072,28.4294,81.3089,0
1505,1835,1634,4,18.3373,64.9733,40.6925,74.1686,0
825,1229,2486,5,33.9425,118.4072,20.8986,156.4306,0
1135,1336,936,2,35.2139,80.9431,32.8969,97.0381,1
1920,2104,468,7,28.4294,81.3089,35.2139,80.9431,0
1657,1925,837,3,29.9933,90.2581,41.9808,87.9067,0
1440,1631,551,4,33.4342,112.0117,38.8058,104.7008,1
1000,1238,950,7,28.4294,81.3089,40.7772,73.8725,0
1715,2003,1121,4,28.4294,81.3089,42.3631,71.0064,1
1125,1921,2248,3,36.08,115.1522,40.6397,73.7789,0
855,931,425,2,33.6367,84.4281,29.9933,90.2581,1
2025,2257,861,5,39.8722,75.2408,28.4294,81.3089,0
540,850,1072,2,41.7239,71.4283,28.4294,81.3089,0
620,840,859,7,45.5883,122.5975,33.6756,117.8683,0
1645,2320,1624,5,36.08,115.1522,38.1742,85.7364,1
1125,1350,660,2,40.7772,73.8725,39.7172,86.2947,1
1440,1658,632,3,42.3631,71.0064,42.2125,83.3533,1
1550,1919,1562,1,42.3631,71.0064,32.8969,97.0381,1
1235,1245,304,6,33.4342,112.0117,32.7336,117.1897,0
1605,1737,334,2,44.8819,93.2217,41.9808,87.9067,1
1800,2016,802,2,32.8969,97.0381,41.9808,87.9067,1
1159,2028,2585,7,37.6189,122.375,25.7932,80.2906,1
1815,2055,1797,2,36.1244,86.6783,33.9425,118.4072,1
935,1101,377,4,33.6367,84.4281,34.2706,77.9025,0
625,1202,1589,2,37.6189,122.375,44.8819,93.2217,0
1750,1950,1521,6,41.7861,87.7525,36.08,115.1522,0
1723,1757,102,2,21.976,159.3389,21.3187,157.9225,1
850,1010,184,5,42.3631,71.0064,40.7772,73.8725,0
2055,2258,612,6,42.3631,71.0064,35.8778,78.7875,0
1110,1245,414,7,37.6189,122.375,36.08,115.1522,0
2100,2205,319,4,31.9425,102.2019,32.8472,96.8517,0
1050,1349,667,1,31.8072,106.3775,29.9844,95.3414,1
2241,2357,692,3,33.6367,84.4281,39.2975,94.7139,1
1553,1640,163,3,19.7388,156.0456,21.3187,157.9225,0
2100,6,2248,4,40.6397,73.7789,36.08,115.1522,1
1450,1915,1448,5,61.1744,149.9964,47.45,122.3117,0
900,1053,1399,4,44.8819,93.2217,47.45,122.3117,1
2034,2359,2422,4,40.6397,73.7789,47.45,122.3117,1
2230,120,1092,3,26.0726,80.1528,40.7953,73.1003,1
1515,1744,425,2,29.9933,90.2581,33.6367,84.4281,0
530,705,480,5,35.0425,89.9767,41.7861,87.7525,1
1805,2015,663,5,39.1753,76.6683,30.4942,81.6878,0
1912,2145,1011,2,28.4294,81.3089,42.9406,78.7322,1
940,1105,373,1,33.6367,84.4281,39.0489,84.6678,1
1010,1205,1105,7,26.5362,81.7553,41.7861,87.7525,0
1455,1700,594,1,33.6367,84.4281,42.2125,83.3533,0
1425,1701,802,5,41.9808,87.9067,32.8969,97.0381,1
600,851,601,2,39.4992,119.7681,33.4342,112.0117,0
2145,2335,957,3,26.0726,80.1528,29.6456,95.2789,0
2010,2335,1047,7,38.7486,90.37,42.3631,71.0064,1
2137,2333,1009,6,29.9844,95.3414,33.4342,112.0117,1
1800,1848,501,4,29.9844,95.3414,32.6875,103.2169,0
1410,1603,533,7,39.9025,84.2194,40.6925,74.1686,1
855,1223,936,3,32.8969,97.0381,35.2139,80.9431,0
1500,1639,399,5,42.3631,71.0064,38.8522,77.0378,1
1824,2027,728,4,35.2139,80.9431,42.3631,71.0064,1
2212,2246,100,6,20.8986,156.4306,21.3187,157.9225,0
1415,1800,1107,4,47.45,122.3117,33.4342,112.0117,0
1610,1805,529,3,35.2139,80.9431,40.6925,74.1686,1
1518,1729,679,5,47.45,122.3117,37.6189,122.375,0
2005,2216,637,4,40.6925,74.1686,41.7083,86.3172,1
1903,1925,302,3,33.6367,84.4281,30.6914,88.2428,1
1123,1250,862,4,39.8617,104.6731,33.9425,118.4072,0
1500,1740,503,5,44.8819,93.2217,39.7172,86.2947,0
1645,1858,255,3,36.08,115.1522,33.4342,112.0117,0
842,1204,1121,4,42.3631,71.0064,28.4294,81.3089,1
2025,2140,325,2,34.2006,118.3586,37.7214,122.2208,0
2330,23,152,3,33.6367,84.4281,35.8111,83.9939,1
1810,2008,1488,4,39.7172,86.2947,33.4342,112.0117,1
1420,1730,606,5,41.9808,87.9067,33.6367,84.4281,0
645,1148,1205,2,33.6756,117.8683,32.8969,97.0381,0
1508,1717,1189,4,18.4394,66.0019,28.4294,81.3089,1
943,1553,1972,7,33.4342,112.0117,25.7932,80.2906,1
2020,2144,334,5,41.9808,87.9067,44.8819,93.2217,0
829,955,406,4,33.6367,84.4281,27.9756,82.5333,0
620,925,1381,5,40.7772,73.8725,32.8472,96.8517,0
1057,1631,1504,1,37.6189,122.375,30.1944,97.67,1
1800,2005,679,6,37.6189,122.375,47.45,122.3117,1
2300,105,221,3,41.7861,87.7525,42.9656,83.7436,0
1005,1310,993,7,39.8722,75.2408,26.5362,81.7553,0
2217,535,2504,3,19.7388,156.0456,33.9425,118.4072,0
1355,1617,1607,5,26.5362,81.7553,39.8617,104.6731,0
1616,1847,946,6,33.6367,84.4281,42.3631,71.0064,0
630,920,612,3,36.1244,86.6783,27.9756,82.5333,0
1755,1935,895,4,41.7861,87.7525,39.8617,104.6731,1
2200,25,806,4,36.08,115.1522,47.62,117.5339,0
2143,59,1258,5,25.7932,80.2906,42.3631,71.0064,1
1320,1444,306,4,38.1742,85.7364,42.2125,83.3533,1
939,1137,594,2,25.7932,80.2906,33.6367,84.4281,0
1950,2055,231,1,36.08,115.1522,33.8178,118.1517,1
1625,1905,1052,5,26.6832,80.0956,40.7953,73.1003,0
2000,2230,484,4,38.7486,90.37,33.6367,84.4281,1
2230,2335,220,1,39.1753,76.6683,40.7953,73.1003,1
1855,2110,214,2,36.1244,86.6783,33.6367,84.4281,0
1215,1330,302,6,29.9933,90.2581,29.6456,95.2789,0
830,1137,1035,3,40.7772,73.8725,26.6832,80.0956,0
925,1535,1999,4,33.4342,112.0117,39.1753,76.6683,0
1025,1209,507,4,27.9756,82.5333,35.2139,80.9431,0
1435,1559,413,1,38.9475,77.46,42.3631,71.0064,0
700,820,721,4,33.6367,84.4281,32.8472,96.8517,1
1157,1312,208,3,30.7814,83.2761,33.6367,84.4281,0
1105,1251,456,4,37.5053,77.3197,42.2125,83.3533,0
1141,1700,1426,2,45.5883,122.5975,44.8819,93.2217,0
1731,1905,391,5,39.4992,119.7681,33.9425,118.4072,0
850,1005,337,6,37.7214,122.2208,33.9425,118.4072,1
1955,2055,651,2,32.8472,96.8517,39.8617,104.6731,0
840,1209,1009,5,45.5883,122.5975,33.4342,112.0117,1
640,845,640,5,39.9981,82.8919,42.3631,71.0064,0
1551,1734,549,3,42.2125,83.3533,41.9389,72.6833,0
1753,1859,305,6,29.9844,95.3414,29.9933,90.2581,0
1310,2128,2475,7,33.9425,118.4072,40.6397,73.7789,1
1155,1412,1095,4,35.2139,80.9431,29.5336,98.4697,0
1815,2010,588,2,37.65,97.4331,41.9808,87.9067,0
815,1140,1047,7,38.7486,90.37,42.3631,71.0064,0
1009,1130,296,2,38.0364,84.6058,42.2125,83.3533,1
1710,1856,955,4,38.9475,77.46,29.9933,90.2581,0
1246,1545,641,7,39.8617,104.6731,32.8969,97.0381,1
1350,2100,2398,2,21.3187,157.9225,37.6189,122.375,0
545,735,581,3,26.0726,80.1528,33.6367,84.4281,0
1150,1430,867,5,36.08,115.1522,47.45,122.3117,1
700,839,372,1,37.6189,122.375,33.6756,117.8683,0
1425,1545,417,4,37.3628,121.9292,32.7336,117.1897,0
620,948,2584,6,26.0726,80.1528,37.6189,122.375,0
820,1043,899,1,26.0726,80.1528,38.8522,77.0378,1
2128,2242,694,5,33.6367,84.4281,41.8847,91.7108,0
2029,2257,2139,6,33.6367,84.4281,37.6189,122.375,1
1510,1701,453,3,42.2125,83.3533,39.8722,75.2408,0
1240,1442,666,2,33.6367,84.4281,39.8722,75.2408,0
1238,1528,944,7,40.6397,73.7789,28.4294,81.3089,0
1150,1552,1182,7,41.9808,87.9067,26.0726,80.1528,1
1550,1855,1023,2,40.6925,74.1686,26.6832,80.0956,1
742,918,334,4,41.9808,87.9067,44.8819,93.2217,0
650,849,432,3,39.7172,86.2947,33.6367,84.4281,0
705,708,84,6,41.7083,86.3172,41.9808,87.9067,0
1500,1623,262,3,32.5108,92.0378,29.9844,95.3414,0
2015,2135,386,2,37.3628,121.9292,36.08,115.1522,0
1010,1205,706,1,29.5336,98.4697,39.2975,94.7139,0
1956,2133,405,4,42.2125,83.3533,38.8522,77.0378,0
955,1242,1437,4,41.9808,87.9067,32.1161,110.9411,0
1215,1409,545,4,26.6832,80.0956,33.6367,84.4281,0
1000,1255,684,4,35.0425,89.9767,28.4294,81.3089,0
2040,2228,507,2,40.7883,111.9778,33.4342,112.0117,1
1350,1712,1576,6,18.4394,66.0019,39.8722,75.2408,0
59,457,1276,6,33.4342,112.0117,44.8819,93.2217,1
1645,1924,1721,3,41.9808,87.9067,47.45,122.3117,0
1413,1619,1086,2,30.1944,97.67,40.7883,111.9778,1
650,929,954,7,47.45,122.3117,33.9425,118.4072,1
1320,2120,2447,3,37.7214,122.2208,39.1753,76.6683,0
1653,2233,1635,1,37.6189,122.375,29.9844,95.3414,1
1135,1237,584,5,40.7883,111.9778,37.3628,121.9292,0
610,800,474,4,42.3631,71.0064,37.5053,77.3197,0
645,926,802,4,41.9808,87.9067,32.8969,97.0381,0
1505,2055,1728,2,32.7336,117.1897,41.7861,87.7525,0
1211,1411,636,5,32.8986,80.0406,40.6397,73.7789,0
1558,1855,771,2,32.8969,97.0381,35.8111,83.9939,1
915,1155,992,6,26.0726,80.1528,39.8722,75.2408,0
1445,1705,332,1,35.0425,89.9767,33.6367,84.4281,0
1520,1645,447,4,37.6189,122.375,32.7336,117.1897,1
1655,1852,581,1,26.0726,80.1528,33.6367,84.4281,0